Date,Close,High,Low,Open,Volume
1/2/2020,1524.5,1528.699951,1518,1518.099976,214
1/3/2020,1549.199951,1552.699951,1530.099976,1530.099976,107
1/6/2020,1566.199951,1580,1560.400024,1580,416
1/7/2020,1571.800049,1576.300049,1558.300049,1558.300049,47
1/8/2020,1557.400024,1604.199951,1552.300049,1579.699951,236
1/9/2020,1551.699951,1555.699951,1543.300049,1555.699951,54
1/10/2020,1557.5,1558.800049,1545.400024,1551.199951,16
1/13/2020,1548.400024,1558,1548.400024,1557.400024,48
1/14/2020,1542.400024,1546.699951,1534.900024,1546.699951,32
1/15/2020,1552.099976,1553.900024,1545.599976,1548,11
1/16/2020,1549,1556.099976,1548.5,1555.699951,98
1/17/2020,1558.800049,1558.800049,1553.599976,1554.099976,108
1/21/2020,1556.400024,1566.199951,1551,1559.300049,45
1/22/2020,1555.300049,1557.099976,1549.800049,1549.800049,42
1/23/2020,1564.599976,1564.599976,1552.199951,1553.099976,15
1/24/2020,1571.099976,1571.099976,1556.300049,1556.300049,43
1/27/2020,1576.800049,1584.5,1576.800049,1584.300049,22
1/28/2020,1569.199951,1576.400024,1569.199951,1576.400024,3
1/29/2020,1569.800049,1569.800049,1569.800049,1569.800049,251274
1/30/2020,1583.5,1585,1571.400024,1576.800049,62336
1/31/2020,1582.900024,1589,1570,1573.400024,1095
2/3/2020,1577.199951,1593.300049,1568.199951,1592.900024,1062
2/4/2020,1550.400024,1577.699951,1547.800049,1577.699951,978
2/5/2020,1557.800049,1560.699951,1547.699951,1553.199951,1305
2/6/2020,1565.099976,1565.599976,1551.599976,1553.599976,110
2/7/2020,1568.599976,1571.900024,1560.5,1564.900024,431
2/10/2020,1574.699951,1574.699951,1568.599976,1569.300049,128
2/11/2020,1565.599976,1571.099976,1561.900024,1570.900024,440
2/12/2020,1567.400024,1568.699951,1561,1565.199951,36
2/13/2020,1575.099976,1575.099976,1570.199951,1570.199951,74
2/14/2020,1582.699951,1582.699951,1574.800049,1575.800049,68
2/18/2020,1600,1604.300049,1579.800049,1579.800049,310
2/19/2020,1607.5,1610.5,1599.699951,1600.599976,542
2/20/2020,1616.599976,1621,1603,1606.5,117
2/21/2020,1644.599976,1645,1619.300049,1619.300049,186
2/24/2020,1672.400024,1686.599976,1650,1657,435
2/25/2020,1646.900024,1653.699951,1632.300049,1645.099976,409
2/26/2020,1640,1648.099976,1636.400024,1644,1990
2/27/2020,1640,1658,1638.5,1641.099976,707
2/28/2020,1564.099976,1642.5,1564.099976,1640.300049,289
3/2/2020,1592.300049,1608.300049,1574.300049,1583.900024,537
3/3/2020,1642.099976,1645.300049,1594,1594.5,610
3/4/2020,1641.099976,1645.900024,1631.300049,1645.400024,83
3/5/2020,1666.400024,1672.900024,1637.199951,1637.300049,154
3/6/2020,1670.800049,1686.199951,1647.199951,1670.800049,175
3/9/2020,1674.5,1701.599976,1657.699951,1696.099976,161
3/10/2020,1659.099976,1674.599976,1643,1671.599976,48
3/11/2020,1641.400024,1666.5,1635,1656.599976,47
3/12/2020,1589.300049,1647.5,1566.400024,1637,256
3/13/2020,1515.699951,1589.800049,1513.800049,1574.900024,89
3/16/2020,1485.900024,1569.099976,1452.099976,1569.099976,193
3/17/2020,1524.900024,1537.699951,1469.300049,1469.300049,122
3/18/2020,1477.300049,1542,1477.300049,1537.5,333
3/19/2020,1478.599976,1491.599976,1471,1481.5,262
3/20/2020,1484,1484,1483.5,1483.5,14
3/23/2020,1567,1567,1490.199951,1505.300049,51
3/24/2020,1660.199951,1685.5,1592.699951,1592.699951,442
3/25/2020,1632.300049,1676.5,1631.099976,1676.5,476
3/26/2020,1650.099976,1660.5,1650.099976,1660.5,3
3/27/2020,1623.900024,1623.900024,1623.900024,1623.900024,100638
3/30/2020,1622,1652.800049,1607.199951,1641.199951,16389
3/31/2020,1583.400024,1621,1576,1618.699951,2874
4/1/2020,1578.199951,1600,1570,1570,2158
4/2/2020,1625.699951,1631.199951,1586,1590.900024,1294
4/3/2020,1633.699951,1636,1619.800049,1624.5,643
4/6/2020,1677,1696.699951,1625.900024,1629.099976,1063
4/7/2020,1664.800049,1724.400024,1658,1695.699951,1144
4/8/2020,1665.400024,1677,1662.5,1669.699951,747
4/9/2020,1736.199951,1736.199951,1662.699951,1662.699951,825
4/13/2020,1744.800049,1756.800049,1710.699951,1722,696
4/14/2020,1756.699951,1775,1739.5,1756.800049,675
4/15/2020,1727.199951,1744.900024,1722.699951,1739.400024,642
4/16/2020,1720.400024,1750.599976,1715,1731,162
4/17/2020,1689.199951,1725,1684.900024,1715.699951,223
4/20/2020,1701.599976,1701.599976,1680,1686,106
4/21/2020,1678.199951,1707.099976,1659.900024,1697,666
4/22/2020,1728.699951,1728.699951,1684.800049,1696,453
4/23/2020,1733.300049,1745.099976,1733.300049,1734,482
4/24/2020,1723.5,1744,1714.5,1744,221
4/27/2020,1711.900024,1731.900024,1711.900024,1731.900024,169
4/28/2020,1710.5,1716.599976,1707.099976,1716.599976,1255
4/29/2020,1703.400024,1713.5,1702,1710,373
4/30/2020,1684.199951,1719.300049,1680.800049,1719.300049,327
5/1/2020,1694.5,1701.5,1670.5,1686.599976,337
5/4/2020,1706.900024,1709,1699.599976,1702.599976,320
5/5/2020,1704.400024,1704.400024,1697.199951,1701.5,82
5/6/2020,1684.199951,1704,1684.199951,1704,469
5/7/2020,1721.800049,1721.800049,1685.599976,1686.199951,853
5/8/2020,1709.900024,1728.900024,1703.800049,1726.199951,330
5/11/2020,1695.300049,1704.5,1690.199951,1702.300049,749
5/12/2020,1704.400024,1713.099976,1699.300049,1699.300049,324
5/13/2020,1713.900024,1721.300049,1701.900024,1702,431
5/14/2020,1738.099976,1743.099976,1720.5,1724.300049,672
5/15/2020,1753.400024,1753.400024,1739.699951,1739.699951,719
5/18/2020,1731.800049,1770.5,1731.800049,1755.699951,229
5/19/2020,1744.199951,1749.5,1744.199951,1744.199951,167
5/20/2020,1750.599976,1752.099976,1745.599976,1751.599976,16
5/21/2020,1720.5,1746.800049,1720.5,1746.800049,528
5/22/2020,1734.599976,1734.599976,1726.599976,1726.599976,6
5/26/2020,1704.800049,1726.400024,1704.800049,1726.400024,39
5/27/2020,1710.300049,1710.300049,1685.599976,1685.599976,137416
5/28/2020,1713.300049,1727.800049,1705,1709.300049,23355
5/29/2020,1736.900024,1738.300049,1715.099976,1718.800049,1526
6/1/2020,1737.800049,1747,1727.099976,1740.400024,871
6/2/2020,1725.199951,1745.5,1721.800049,1743,741
6/3/2020,1697.800049,1726.300049,1684.5,1726.300049,2755
6/4/2020,1718.900024,1718.900024,1694.5,1694.5,807
6/5/2020,1676.199951,1711.800049,1668.599976,1711.800049,1502
6/8/2020,1698.300049,1699.400024,1675.900024,1679.099976,587
6/9/2020,1714.699951,1720.900024,1692,1694.599976,690
6/10/2020,1713.300049,1740.800049,1711.900024,1716.099976,718
6/11/2020,1732,1744.099976,1720,1737.199951,347
6/12/2020,1729.300049,1743,1724.900024,1724.900024,318
6/15/2020,1720.300049,1730,1703.300049,1730,188
6/16/2020,1729.599976,1729.599976,1722.400024,1726.300049,22
6/17/2020,1729.199951,1729.199951,1714.699951,1714.699951,51
6/18/2020,1724.800049,1734.099976,1717.300049,1730.5,110
6/19/2020,1745.900024,1750.699951,1723.5,1723.699951,1329
6/22/2020,1756.699951,1767.599976,1750.5,1755.199951,1356
6/23/2020,1772.099976,1776.300049,1754.199951,1755.400024,666
6/24/2020,1765.800049,1783.099976,1764.5,1778.300049,961
6/25/2020,1762.099976,1764.800049,1759.800049,1761.699951,207
6/26/2020,1772.5,1772.5,1764.699951,1766,640
6/29/2020,1774.800049,1780.199951,1774.300049,1779.800049,584
6/30/2020,1793,1793.199951,1774.400024,1777.300049,986
7/1/2020,1773.199951,1798,1765.800049,1793.599976,331
7/2/2020,1784,1784,1768.699951,1773.400024,215
7/6/2020,1788.5,1790.099976,1788.199951,1788.199951,172
7/7/2020,1804.199951,1804.199951,1783.300049,1789.300049,751
7/8/2020,1815.5,1817.900024,1801.5,1801.5,209
7/9/2020,1799.199951,1819.800049,1799.199951,1816.099976,396
7/10/2020,1798.199951,1805.5,1797.699951,1805.5,236
7/13/2020,1811,1811,1805,1805,164
7/14/2020,1810.599976,1811.5,1791,1791,339
7/15/2020,1811.400024,1813.5,1806.099976,1806.099976,167
7/16/2020,1798.699951,1810.900024,1794.300049,1810.900024,146
7/17/2020,1808.300049,1810.099976,1798.5,1798.5,24
7/20/2020,1815.900024,1817.300049,1807,1807,89
7/21/2020,1842.400024,1842.400024,1822,1822,117
7/22/2020,1864.099976,1867,1854.699951,1858.099976,213
7/23/2020,1889.099976,1890.300049,1868.5,1868.699951,133
7/24/2020,1897.300049,1897.300049,1884.300049,1884.300049,474
7/27/2020,1931,1938,1901.5,1901.699951,364
7/28/2020,1944.699951,1944.699951,1928.599976,1931.5,825
7/29/2020,1953.5,1953.5,1952.599976,1953.199951,209835
7/30/2020,1942.300049,1965.099976,1930,1963.400024,28853
7/31/2020,1962.800049,1981.099976,1948,1948.599976,2914
8/3/2020,1966,1984.300049,1955.5,1984.300049,683
8/4/2020,2001.199951,2016.199951,1968.800049,1971,2010
8/5/2020,2031.099976,2050.199951,2011,2024,1422
8/6/2020,2051.5,2063,2040,2045.5,294
8/7/2020,2010.099976,2055,2009.599976,2040.099976,808
8/10/2020,2024.400024,2043.800049,2017.5,2026.400024,233
8/11/2020,1932.599976,2016,1904,2012.400024,971
8/12/2020,1934.900024,1946.599976,1871.599976,1923,404
8/13/2020,1956.699951,1957.400024,1916.900024,1921.5,71
8/14/2020,1937,1947.400024,1937,1938.699951,201
8/17/2020,1985,1985,1949.599976,1949.599976,97
8/18/2020,1999.400024,2002.800049,1972.099976,2001.099976,92
8/19/2020,1958.699951,1980,1938.699951,1980,347
8/20/2020,1933.800049,1948.300049,1922.300049,1941.199951,106
8/21/2020,1934.599976,1945,1908.900024,1941,184
8/24/2020,1927.699951,1940,1922.199951,1930.199951,85
8/25/2020,1911.800049,1928.5,1911.800049,1927.5,176
8/26/2020,1940.699951,1950.800049,1909.699951,1909.699951,287
8/27/2020,1921.599976,1972.5,1921.599976,1948.900024,2303
8/28/2020,1964.599976,1971.300049,1922.5,1927.099976,778
8/31/2020,1967.599976,1971.300049,1953.300049,1970,158
9/1/2020,1968.199951,1986.300049,1961.699951,1961.699951,186
9/2/2020,1934.400024,1967.300049,1934.400024,1967.300049,71
9/3/2020,1927.599976,1938.800049,1923,1937.099976,179
9/4/2020,1923.900024,1939.699951,1917.699951,1927.900024,607
9/8/2020,1933,1937.900024,1903.099976,1930.900024,271
9/9/2020,1944.699951,1946.199951,1924.599976,1926.900024,219
9/10/2020,1954.199951,1962.699951,1944.099976,1944.099976,722
9/11/2020,1937.800049,1949.5,1937.800049,1944,73
9/14/2020,1953.099976,1953.099976,1943,1946.300049,55
9/15/2020,1956.300049,1968.5,1955.800049,1955.800049,74
9/16/2020,1960.199951,1961.400024,1956.699951,1961.300049,124
9/17/2020,1940,1946,1933.699951,1939,67
9/18/2020,1952.099976,1952.099976,1949,1950.5,38
9/21/2020,1901.199951,1946.199951,1883.400024,1946.199951,52
9/22/2020,1898.599976,1913.099976,1898.599976,1913.099976,331
9/23/2020,1859.900024,1875.5,1859.900024,1875.5,5
9/24/2020,1868.300049,1868.300049,1851.5,1851.5,365
9/25/2020,1857.699951,1857.699951,1856.300049,1856.300049,4
9/28/2020,1872.800049,1872.800049,1872.800049,1872.800049,10455
9/29/2020,1894.300049,1895.400024,1872.400024,1876.5,3283
9/30/2020,1887.5,1899.699951,1879.800049,1893,600
10/1/2020,1908.400024,1909.599976,1882.5,1884.099976,730
10/2/2020,1900.199951,1913,1893.900024,1893.900024,530
10/5/2020,1912.5,1915.599976,1884.699951,1898.900024,1360
10/6/2020,1901.099976,1918,1874.400024,1906.599976,968
10/7/2020,1883.599976,1889.800049,1873.099976,1874.099976,50
10/8/2020,1888.599976,1893,1882.699951,1893,348
10/9/2020,1919.5,1929.099976,1905.099976,1909.300049,580
10/12/2020,1922.5,1926.5,1921.599976,1924,96
10/13/2020,1888.5,1922.199951,1887,1921.900024,191
10/14/2020,1901.300049,1910.800049,1882.5,1889.699951,33
10/15/2020,1903.199951,1906.300049,1889.599976,1897.300049,254
10/16/2020,1900.800049,1900.800049,1898.5,1898.5,53
10/19/2020,1906.400024,1907.800049,1899.5,1907.300049,43
10/20/2020,1910.400024,1910.400024,1896.099976,1901.300049,329
10/21/2020,1924.599976,1927.300049,1913.599976,1913.599976,1202
10/22/2020,1901.099976,1924.300049,1898.199951,1924.300049,899
10/23/2020,1902,1913.300049,1896.199951,1899.900024,287
10/26/2020,1902.699951,1907,1893.5,1895.5,242
10/27/2020,1908.800049,1908.800049,1904.400024,1904.599976,176
10/28/2020,1876.199951,1876.199951,1870.900024,1870.900024,277
10/29/2020,1865.599976,1879.800049,1858.800049,1876.099976,240
10/30/2020,1877.400024,1886.599976,1862.800049,1862.800049,725
11/2/2020,1890.400024,1894.699951,1872.900024,1872.900024,190
11/3/2020,1908.5,1908.5,1891.5,1891.5,712
11/4/2020,1894.599976,1907,1885.300049,1893.800049,782
11/5/2020,1945.300049,1948,1901.699951,1901.699951,135
11/6/2020,1950.300049,1958.800049,1940.800049,1940.800049,304
11/9/2020,1853.199951,1963.199951,1847.099976,1955.599976,745
11/10/2020,1875.400024,1885.300049,1871.199951,1879.300049,276
11/11/2020,1860.699951,1878.800049,1855.5,1878.800049,222
11/12/2020,1872.599976,1878.5,1866.599976,1869,220
11/13/2020,1885.699951,1890.099976,1876.800049,1877,240
11/16/2020,1887.300049,1887.300049,1871,1874.599976,6
11/17/2020,1884.5,1888.400024,1884.5,1888.400024,59
11/18/2020,1873.5,1873.5,1873.5,1873.5,152
11/19/2020,1861.099976,1865.800049,1856,1865.800049,59
11/20/2020,1872.599976,1872.599976,1871.199951,1871.199951,1900
11/23/2020,1837.800049,1837.800049,1829.199951,1834.800049,843
11/24/2020,1804.800049,1829.300049,1799.300049,1829.300049,1041
11/25/2020,1805.699951,1805.699951,1801.400024,1801.400024,205754
11/27/2020,1781.900024,1817,1770.699951,1806.099976,71804
11/30/2020,1775.699951,1787.199951,1762.300049,1785,3145
12/1/2020,1814.099976,1815.900024,1774.900024,1775,1859
12/2/2020,1825.699951,1830,1807.800049,1811.300049,771
12/3/2020,1836.800049,1842,1825.300049,1829.199951,1765
12/4/2020,1835.900024,1847.599976,1828.199951,1840.699951,1213
12/7/2020,1861.800049,1866.900024,1820.800049,1836.5,1427
12/8/2020,1870.800049,1875.800049,1861.800049,1863,121
12/9/2020,1834.599976,1867.099976,1827,1867.099976,215
12/10/2020,1833.599976,1849.099976,1828,1833.199951,177
12/11/2020,1839.800049,1846,1829.099976,1838.5,109
12/14/2020,1828.699951,1835.699951,1822.699951,1835.5,258
12/15/2020,1852.300049,1853.599976,1833.199951,1833.5,961
12/16/2020,1856.099976,1864.699951,1850.5,1856.5,1090
12/17/2020,1887.199951,1896.199951,1874.199951,1874.199951,414
12/18/2020,1885.699951,1889.5,1882.300049,1882.400024,276
12/21/2020,1879.199951,1908,1869.099976,1884.800049,136
12/22/2020,1866.599976,1882.199951,1861,1882.199951,233
12/23/2020,1874.699951,1878.800049,1864.5,1867,82
12/24/2020,1879.900024,1879.900024,1875.699951,1877.300049,46
12/28/2020,1877.199951,1895.800049,1873.699951,1895.5,75
12/29/2020,1879.699951,1881.300049,1879.699951,1881.300049,343
12/30/2020,1891,1895.800049,1877.300049,1879.900024,444
12/31/2020,1893.099976,1901.300049,1892.699951,1897,127
1/4/2021,1944.699951,1945.099976,1912.199951,1912.199951,154
1/5/2021,1952.699951,1952.699951,1941.300049,1941.699951,113
1/6/2021,1906.900024,1959.900024,1901.5,1952,331
1/7/2021,1912.300049,1926.699951,1912,1922.599976,122
1/8/2021,1834.099976,1908,1834.099976,1908,60
1/11/2021,1849.599976,1849.599976,1826.5,1826.5,20
1/12/2021,1842.900024,1859.699951,1839.400024,1849,176
1/13/2021,1853.599976,1858.599976,1853.599976,1858,189
1/14/2021,1850.300049,1850.699951,1836.699951,1836.699951,149
1/15/2021,1829.300049,1829.400024,1825,1829.400024,31
1/19/2021,1839.5,1842.900024,1802,1802,13
1/20/2021,1865.900024,1866.599976,1844.400024,1847.800049,16
1/21/2021,1865.300049,1868,1865.300049,1865.300049,6
1/22/2021,1855.699951,1855.699951,1852.699951,1854.900024,8
1/25/2021,1854.900024,1864.699951,1851.800049,1864.699951,26
1/26/2021,1850.699951,1855.800049,1850.699951,1855.800049,59
1/27/2021,1844.900024,1844.900024,1844.900024,1844.900024,195540
1/28/2021,1837.900024,1862.900024,1831.5,1843.400024,27283
1/29/2021,1847.300049,1876,1838.699951,1842,1634
2/1/2021,1860.800049,1871.900024,1850,1866.599976,1494
2/2/2021,1830.5,1861.300049,1827.599976,1859.599976,1293
2/3/2021,1832.199951,1842.400024,1829.800049,1834.800049,1195
2/4/2021,1788.900024,1832.199951,1782.800049,1832.199951,2375
2/5/2021,1810.900024,1813.5,1790.900024,1794.300049,1278
2/8/2021,1831.900024,1836.699951,1809,1816.300049,254
2/9/2021,1835.300049,1843.300049,1830.699951,1841.900024,184
2/10/2021,1840.599976,1851.099976,1837,1842.599976,543
2/11/2021,1824.900024,1845,1820.900024,1840.5,602
2/12/2021,1821.599976,1827.5,1809.199951,1825,259
2/16/2021,1797.199951,1823.400024,1787.300049,1820.900024,1141
2/17/2021,1771.099976,1789.699951,1768.800049,1785.800049,614
2/18/2021,1773.400024,1784.599976,1766,1776.099976,587
2/19/2021,1775.800049,1787.599976,1764.300049,1764.300049,118
2/22/2021,1806.699951,1807.800049,1784,1784,165
2/23/2021,1804.400024,1811.300049,1796.400024,1809.599976,569
2/24/2021,1796.400024,1805.800049,1796.400024,1805.800049,1500
2/25/2021,1774.400024,1802,1766.699951,1801.5,1049
2/26/2021,1728.099976,1768.199951,1718.800049,1768.099976,1593
3/1/2021,1722.5,1747,1720.300049,1737.099976,407
3/2/2021,1733.099976,1733.099976,1708.699951,1709.400024,867
3/3/2021,1715.300049,1732.400024,1703.5,1730,501
3/4/2021,1700.199951,1717.400024,1700.199951,1706.5,521
3/5/2021,1698,1701,1685,1690.599976,302
3/8/2021,1677.699951,1705.400024,1673.699951,1704.699951,1290
3/9/2021,1716.599976,1717.5,1685.199951,1686.199951,335
3/10/2021,1721.5,1722.900024,1711,1713.599976,412
3/11/2021,1722.300049,1737.5,1720.199951,1725.599976,18
3/12/2021,1719.5,1722.5,1699,1715.900024,80
3/15/2021,1728.900024,1731.900024,1722.800049,1729.5,147
3/16/2021,1730.599976,1733.900024,1726,1732.300049,729
3/17/2021,1726.800049,1750.099976,1725.599976,1735.300049,488
3/18/2021,1732.199951,1750.300049,1721.800049,1745.800049,138
3/19/2021,1741.400024,1742.199951,1733.599976,1742.199951,13
3/22/2021,1737.800049,1737.800049,1737.800049,1737.800049,51
3/23/2021,1724.699951,1724.699951,1724.699951,1724.699951,6
3/24/2021,1732.900024,1732.900024,1727.5,1727.5,26
3/25/2021,1724.900024,1733.199951,1724.5,1732.699951,15
3/26/2021,1732.199951,1732.199951,1721.300049,1721.300049,33
3/29/2021,1712.099976,1712.099976,1712.099976,1712.099976,135457
3/30/2021,1683.900024,1712.599976,1676.5,1711,25316
3/31/2021,1713.800049,1713.800049,1676.5,1683.699951,762
4/1/2021,1726.5,1728.800049,1706.400024,1706.800049,720
4/5/2021,1727,1729.699951,1721.900024,1727.900024,275
4/6/2021,1741.5,1744.800049,1726.900024,1726.900024,890
4/7/2021,1740.099976,1742.699951,1733.699951,1742.699951,557
4/8/2021,1756.800049,1758,1734.599976,1736,1298
4/9/2021,1743.300049,1750.800049,1733.300049,1750.800049,484
4/12/2021,1731.199951,1740.800049,1726.699951,1740.800049,40
4/13/2021,1746.199951,1746.900024,1722.099976,1733.800049,367
4/14/2021,1734.900024,1745.900024,1732.699951,1741.300049,1037
4/15/2021,1765.400024,1767.900024,1740.099976,1740.099976,368
4/16/2021,1779,1779.5,1770.099976,1770.400024,625
4/19/2021,1769.400024,1788.5,1769.400024,1782.099976,144
4/20/2021,1777.300049,1777.300049,1765.5,1769.300049,1464
4/21/2021,1792.300049,1794.099976,1777.699951,1783,250
4/22/2021,1781.199951,1794.199951,1779.5,1794.199951,159
4/23/2021,1777,1794.5,1772,1786.099976,332
4/26/2021,1779.199951,1779.699951,1770.800049,1778,549
4/27/2021,1778,1782,1777.699951,1780,117
4/28/2021,1773.199951,1774,1764.599976,1768.199951,756
4/29/2021,1768.099976,1789,1758.599976,1781,196
4/30/2021,1767.300049,1771.800049,1763.900024,1771.800049,18
5/3/2021,1791.400024,1793,1788.5,1788.5,18
5/4/2021,1775.800049,1788.5,1774.800049,1788.199951,182
5/5/2021,1784.099976,1784.099976,1779.199951,1781.5,57
5/6/2021,1815.5,1815.5,1787.599976,1788.900024,13
5/7/2021,1831.099976,1842.900024,1831.099976,1842.900024,2
5/10/2021,1837.5,1845.599976,1835.400024,1835.599976,13
5/11/2021,1835.900024,1838.099976,1831.599976,1837.199951,420
5/12/2021,1822.599976,1825.199951,1821.699951,1825.199951,3
5/13/2021,1823.800049,1826.800049,1814.099976,1814.699951,100
5/14/2021,1837.900024,1842.900024,1824.5,1824.5,41
5/17/2021,1867.5,1867.5,1847.199951,1849.900024,13
5/18/2021,1867.800049,1870.5,1867.800049,1870.5,3
5/19/2021,1881.300049,1884.900024,1863.599976,1866.400024,348
5/20/2021,1881.800049,1885,1864.800049,1865.5,85
5/21/2021,1876.699951,1876.699951,1872.099976,1872.099976,5
5/24/2021,1884.599976,1884.599976,1882.099976,1882.099976,39
5/25/2021,1898.099976,1898.099976,1882.5,1882.5,56
5/26/2021,1901.300049,1901.300049,1901.300049,1901.300049,170526
5/27/2021,1895.699951,1903.900024,1888.199951,1896.800049,35794
5/28/2021,1902.5,1905.400024,1881.900024,1897.5,2415
6/1/2021,1902.900024,1916.199951,1892.800049,1905.099976,640
6/2/2021,1907.5,1908.800049,1896,1899.199951,1267
6/3/2021,1871.199951,1908.800049,1865,1908.800049,1021
6/4/2021,1889.800049,1895.5,1854,1869.300049,367
6/7/2021,1896.800049,1899.699951,1883.199951,1890.5,87
6/8/2021,1892.199951,1902.900024,1890,1896.5,930
6/9/2021,1893.199951,1897.699951,1889.199951,1894.900024,148
6/10/2021,1894.199951,1899.800049,1871.5,1887.699951,186
6/11/2021,1877.400024,1902.300049,1875.199951,1900.900024,349
6/14/2021,1864,1866.599976,1846.5,1866.199951,41
6/15/2021,1854.5,1867.199951,1854.400024,1866.400024,78
6/16/2021,1859.5,1860.099976,1809.199951,1859.400024,117
6/17/2021,1773.800049,1823.300049,1769.599976,1811.800049,1135
6/18/2021,1767.900024,1792.400024,1767.900024,1775.699951,354
6/21/2021,1781.800049,1785.199951,1766.800049,1768.800049,38
6/22/2021,1776.300049,1786.900024,1775.900024,1783.400024,101
6/23/2021,1782.300049,1793.199951,1780.599976,1780.699951,136
6/24/2021,1775.599976,1786.400024,1775.599976,1778.900024,78
6/25/2021,1776.599976,1788,1775.199951,1777.699951,35
6/28/2021,1779.599976,1779.599976,1779.599976,1779.599976,888
6/29/2021,1762.800049,1777.099976,1752.099976,1776.800049,419
6/30/2021,1770.800049,1770.800049,1759.199951,1761.099976,51
7/1/2021,1775.900024,1781.199951,1768.800049,1775.699951,44
7/2/2021,1782.599976,1787.900024,1778.300049,1778.699951,23
7/6/2021,1793.5,1809.800049,1786.699951,1786.699951,332
7/7/2021,1801.5,1808.400024,1797.199951,1798.699951,244
7/8/2021,1799.599976,1818.5,1797,1797,148
7/9/2021,1810,1810.099976,1798.800049,1803.599976,218
7/12/2021,1805.5,1805.5,1799.5,1802.599976,147
7/13/2021,1809.400024,1812,1800.599976,1808.099976,78
7/14/2021,1824.300049,1829,1813.099976,1813.099976,707
7/15/2021,1828.400024,1833,1823.400024,1831.599976,99
7/16/2021,1814.5,1831.400024,1814.5,1830.099976,78
7/19/2021,1808.699951,1813.400024,1803.300049,1803.300049,33
7/20/2021,1810.900024,1824,1810.900024,1812.900024,128
7/21/2021,1802.900024,1807,1800,1807,135
7/22/2021,1805,1805,1793.599976,1793.599976,2
7/23/2021,1801.400024,1801.400024,1800,1800,1
7/26/2021,1798.699951,1802.5,1797.199951,1802.5,17
7/27/2021,1799.5,1803.699951,1799.5,1803.699951,1
7/28/2021,1799.5,1799.5,1799.5,1799.5,209783
7/29/2021,1831.199951,1832.599976,1806.099976,1806.599976,30496
7/30/2021,1812.599976,1830.5,1808.900024,1828,3100
8/2/2021,1818.099976,1818.699951,1804.800049,1812.400024,1334
8/3/2021,1810.099976,1813.5,1806,1812.300049,3341
8/4/2021,1810.5,1831.300049,1806.300049,1809.300049,2860
8/5/2021,1805.099976,1813.699951,1796,1810.800049,588
8/6/2021,1760,1800.099976,1758.400024,1799.800049,859
8/9/2021,1723.400024,1753.800049,1692.599976,1753.5,1621
8/10/2021,1728.800049,1735.199951,1720.099976,1728.599976,1363
8/11/2021,1750.400024,1752.199951,1727.300049,1727.300049,542
8/12/2021,1749,1752.400024,1745.5,1749.699951,739
8/13/2021,1775.199951,1777.300049,1757.400024,1758.300049,436
8/16/2021,1786.900024,1787.800049,1771.900024,1776.900024,219
8/17/2021,1785,1794.199951,1780,1787.699951,200
8/18/2021,1781.599976,1791.5,1779,1787.800049,263
8/19/2021,1780.199951,1789.300049,1775.5,1780,245
8/20/2021,1781,1787.5,1778.199951,1784.099976,235
8/23/2021,1803.199951,1804.800049,1776.800049,1776.800049,32
8/24/2021,1805.599976,1805.599976,1801,1801,22
8/25/2021,1788.199951,1792.900024,1784,1792,812
8/26/2021,1792.199951,1792.199951,1781,1787.400024,61
8/27/2021,1816.599976,1816.599976,1803.099976,1803.400024,1219
8/30/2021,1809,1820.300049,1807.800049,1818.199951,684
8/31/2021,1815,1815.900024,1801.099976,1815.900024,82
9/1/2021,1813.099976,1815.900024,1809.5,1813.5,114
9/2/2021,1808.699951,1813.900024,1806.800049,1813.199951,26
9/3/2021,1830.900024,1833.900024,1818.900024,1820.900024,53
9/7/2021,1795.900024,1825.699951,1792.699951,1825.699951,48
9/8/2021,1790.699951,1790.699951,1781.699951,1781.699951,69
9/9/2021,1797.400024,1798.699951,1787.900024,1798.699951,49
9/10/2021,1789.599976,1789.599976,1789.599976,1789.599976,0
9/13/2021,1792,1796,1784,1789.800049,533
9/14/2021,1804.699951,1806.199951,1783,1791.400024,764
9/15/2021,1792.400024,1803.699951,1792.400024,1803.699951,59
9/16/2021,1754.599976,1792.900024,1743.900024,1792.900024,1645
9/17/2021,1749.400024,1763,1749.400024,1758.800049,581
9/20/2021,1761.800049,1761.800049,1750.900024,1751.800049,185
9/21/2021,1776,1776,1759,1762.199951,106
9/22/2021,1776.699951,1784.300049,1767,1776.699951,17
9/23/2021,1747.699951,1766.800049,1738.199951,1766.800049,31
9/24/2021,1749.699951,1749.699951,1745,1749.699951,76
9/27/2021,1750,1754.400024,1747.5,1751.699951,808
9/28/2021,1735.800049,1741.699951,1726.800049,1739.599976,15748
9/29/2021,1721.5,1744.099976,1721.400024,1732.400024,6634
9/30/2021,1755.300049,1760.300049,1724.5,1725.5,997
10/1/2021,1757,1762.599976,1748.5,1754.300049,2220
10/4/2021,1766.199951,1768.900024,1749.5,1764.5,417
10/5/2021,1759.599976,1764.300049,1749,1764.300049,98
10/6/2021,1760.5,1762.900024,1744.699951,1759.300049,56
10/7/2021,1757.900024,1762.400024,1752.800049,1762.400024,336
10/8/2021,1756.300049,1780,1754.199951,1757,254
10/11/2021,1754.599976,1757.800049,1752.199951,1756.599976,128
10/12/2021,1758.300049,1768,1749.800049,1751.900024,139
10/13/2021,1793.699951,1794.5,1760.800049,1760.800049,150
10/14/2021,1796.699951,1799.900024,1792,1792.199951,337
10/15/2021,1767.199951,1795.400024,1766.599976,1794.5,874
10/18/2021,1764.800049,1770.099976,1759.5,1761.599976,266
10/19/2021,1769.699951,1785,1767.5,1777.599976,51
10/20/2021,1784.099976,1785.599976,1774,1774.599976,127
10/21/2021,1781.199951,1785.699951,1781,1782,146
10/22/2021,1795.5,1806.900024,1784,1787.099976,532
10/25/2021,1806,1809,1794,1794.300049,140
10/26/2021,1792.699951,1808.800049,1788.599976,1808.800049,359
10/27/2021,1797.900024,1798.099976,1791.5,1791.5,543
10/28/2021,1801.599976,1807.300049,1795.5,1795.5,452
10/29/2021,1783,1797,1774.599976,1793.099976,583
11/1/2021,1795.099976,1795.099976,1786.699951,1787.5,142
11/2/2021,1788.699951,1795.5,1787.699951,1790.5,213
11/3/2021,1763.599976,1768,1761.800049,1768,108
11/4/2021,1793,1798.199951,1776.199951,1776.599976,103
11/5/2021,1816.400024,1817.099976,1794.900024,1794.900024,239
11/8/2021,1827.400024,1827.400024,1816.900024,1817,261
11/9/2021,1830.199951,1832.699951,1820.699951,1826.099976,170
11/10/2021,1847.599976,1865,1824.900024,1825.800049,795
11/11/2021,1863.199951,1866.5,1853.900024,1853.900024,292
11/12/2021,1867.900024,1867.900024,1847.599976,1860.800049,210
11/15/2021,1866.099976,1866.900024,1864.5,1864.5,87
11/16/2021,1853.599976,1853.599976,1853.599976,1853.599976,1
11/17/2021,1869.699951,1869.699951,1862.599976,1862.599976,2
11/18/2021,1861,1861,1861,1861,9
11/19/2021,1851.199951,1851.199951,1851.199951,1851.199951,21
11/22/2021,1806,1841.599976,1805.699951,1841.599976,14
11/23/2021,1783.5,1795.5,1783.5,1795.5,264
11/24/2021,1784.099976,1793,1781.400024,1793,188
11/26/2021,1785.300049,1791.400024,1785.300049,1791.099976,186800
11/29/2021,1782.300049,1798.900024,1779.099976,1791.699951,26926
11/30/2021,1773.599976,1808.099976,1768.699951,1783.900024,4903
12/1/2021,1781.599976,1790.5,1772.300049,1774.800049,1128
12/2/2021,1760.699951,1780.900024,1760.599976,1780.900024,1557
12/3/2021,1782,1785.099976,1766.5,1767.5,694
12/6/2021,1777.5,1783,1777.199951,1780.199951,381
12/7/2021,1782.599976,1786.099976,1772.300049,1779.5,308
12/8/2021,1783.400024,1789.900024,1779,1789.900024,1383
12/9/2021,1774.599976,1783.5,1771.800049,1783.5,455
12/10/2021,1782.900024,1785.400024,1769.099976,1773.800049,545
12/13/2021,1786.300049,1787.099976,1783.800049,1784.400024,206
12/14/2021,1770.400024,1787,1769,1787,322
12/15/2021,1762.599976,1778.699951,1753.900024,1767.400024,283
12/16/2021,1796.599976,1798.099976,1781,1781,21
12/17/2021,1803.800049,1812.900024,1803.800049,1804,654
12/20/2021,1793.699951,1799.800049,1792,1796.800049,226
12/21/2021,1787.900024,1796.5,1787.900024,1791.400024,575
12/22/2021,1801.599976,1805.199951,1785.5,1786,567
12/23/2021,1811.199951,1811.199951,1800.800049,1806,193
12/27/2021,1808.099976,1812.099976,1807,1810,150
12/28/2021,1810.199951,1818,1805.5,1812,146
12/29/2021,1805.099976,1805.099976,1791.400024,1803.199951,623
12/30/2021,1812.699951,1816,1796,1801.699951,306
12/31/2021,1827.5,1827.800049,1821.400024,1825.099976,80
1/3/2022,1799.400024,1830.099976,1798.800049,1830.099976,116
1/4/2022,1814,1815.300049,1800,1800.5,38
1/5/2022,1824.599976,1824.599976,1813.099976,1813.099976,8
1/6/2022,1788.699951,1791.300049,1787.099976,1787.099976,30
1/7/2022,1797,1797,1784.400024,1791.800049,17
1/10/2022,1798.400024,1798.699951,1790.400024,1794.900024,534
1/11/2022,1818.599976,1822.5,1803,1803.900024,743
1/12/2022,1827.199951,1827.199951,1816.900024,1819,1547
1/13/2022,1821.199951,1823,1815.400024,1819.800049,40
1/14/2022,1816.5,1822,1816.5,1821.5,816
1/18/2022,1812.300049,1820.099976,1812.300049,1816.800049,900
1/19/2022,1843.099976,1843.099976,1817.400024,1817.400024,4
1/20/2022,1842.5,1843,1838.199951,1840.599976,20
1/21/2022,1831.800049,1842.400024,1828.900024,1838,19
1/24/2022,1841.699951,1842.099976,1837.900024,1837.900024,8
1/25/2022,1852.699951,1852.699951,1842,1843,11
1/26/2022,1829.900024,1829.900024,1829.900024,1829.900024,55
1/27/2022,1793.300049,1793.300049,1793.300049,1793.300049,196036
1/28/2022,1784.900024,1798.400024,1778.800049,1797.5,28521
1/31/2022,1795,1798.5,1785.099976,1788.5,1735
2/1/2022,1800.300049,1806.099976,1797.099976,1797.199951,223
2/2/2022,1809.199951,1810.099976,1795.099976,1797.800049,1690
2/3/2022,1803,1808.099976,1787.900024,1805.800049,466
2/4/2022,1806.599976,1813.699951,1792.5,1806,571
2/7/2022,1820.599976,1821.300049,1809.099976,1812.199951,601
2/8/2022,1826.599976,1827.599976,1815,1818.900024,108
2/9/2022,1835.199951,1835.199951,1825.300049,1825.400024,683
2/10/2022,1836.199951,1842.099976,1820.800049,1833.300049,365
2/11/2022,1840.800049,1864.800049,1822,1822,181
2/14/2022,1868,1870.599976,1854.599976,1861.800049,79
2/15/2022,1854.800049,1879.699951,1847.400024,1872.599976,86
2/16/2022,1870.199951,1870.199951,1856.300049,1858.699951,34
2/17/2022,1900.699951,1900.699951,1876.199951,1876.300049,393
2/18/2022,1898.599976,1899.400024,1890.699951,1899.400024,51
2/22/2022,1906.099976,1912,1890.800049,1908.099976,173
2/23/2022,1909.199951,1910.599976,1895.699951,1896.599976,73
2/24/2022,1925.099976,1972.5,1911.699951,1911.900024,2706
2/25/2022,1886.5,1920,1883.599976,1906.900024,586
2/28/2022,1899.400024,1928.400024,1894.199951,1928.300049,390
3/1/2022,1942.400024,1942.400024,1903.800049,1908.300049,547
3/2/2022,1920.900024,1948.199951,1919.800049,1945.599976,109
3/3/2022,1934.400024,1940.300049,1924.800049,1930.5,122
3/4/2022,1965.099976,1970.900024,1935.599976,1937,47
3/7/2022,1993.900024,2001.099976,1963,1989,2516
3/8/2022,2040.099976,2072,1998,1999.400024,1813
3/9/2022,1985.900024,2063,1980.800049,2053.600098,1022
3/10/2022,1998.099976,2010.5,1978.099976,1978.099976,670
3/11/2022,1982.699951,1996,1959.900024,1985,865
3/14/2022,1959.599976,1977.699951,1959.599976,1976.5,145
3/15/2022,1928.5,1939.900024,1910.699951,1939.800049,71
3/16/2022,1908,1922.400024,1907.199951,1922.400024,104
3/17/2022,1942.099976,1947.199951,1933.900024,1933.900024,39
3/18/2022,1928.199951,1939.300049,1928.199951,1934.5,28
3/21/2022,1928.599976,1928.599976,1925,1925.400024,5
3/22/2022,1920.699951,1920.699951,1920.699951,1920.699951,26
3/23/2022,1936.599976,1936.599976,1936.599976,1936.599976,204
3/24/2022,1961.599976,1964,1961.599976,1963.599976,8
3/25/2022,1953.800049,1953.800049,1953.800049,1953.800049,83
3/28/2022,1939.599976,1939.599976,1932.599976,1932.599976,7
3/29/2022,1912,1912,1893.5,1893.5,128051
3/30/2022,1933.5,1937,1914.5,1918.400024,17765
3/31/2022,1949.199951,1949.900024,1919.099976,1933.5,3617
4/1/2022,1919.099976,1938,1917,1935,1016
4/4/2022,1929.199951,1936.099976,1915.599976,1921.199951,371
4/5/2022,1922.900024,1943.5,1918.400024,1927.099976,412
4/6/2022,1918.400024,1931.800049,1916.699951,1916.699951,138
4/7/2022,1933.800049,1934.800049,1919.5,1919.5,311
4/8/2022,1941.599976,1947.699951,1928.800049,1928.800049,153
4/11/2022,1944.300049,1968.400024,1941.800049,1946.599976,163
4/12/2022,1972.099976,1977.099976,1950.599976,1952.5,246
4/13/2022,1981,1981,1969.5,1969.5,204
4/14/2022,1970.900024,1978.699951,1963,1977.199951,101
4/18/2022,1982.900024,1997.099976,1972.800049,1973.400024,196
4/19/2022,1955.699951,1978.300049,1945.699951,1973.800049,130
4/20/2022,1952.300049,1953.599976,1945.5,1945.5,621
4/21/2022,1944.900024,1944.900024,1942.5,1942.5,4
4/22/2022,1931,1950.400024,1930.199951,1949.599976,178
4/25/2022,1893.199951,1925,1889.300049,1925,748
4/26/2022,1901.400024,1909.099976,1894,1900.5,302
4/27/2022,1885.900024,1900.599976,1882.199951,1897.800049,1786
4/28/2022,1888.699951,1893,1872.900024,1883.800049,513
4/29/2022,1909.300049,1918.199951,1902.400024,1902.699951,132
5/2/2022,1861.800049,1896.800049,1853,1896.699951,385
5/3/2022,1868.800049,1868.800049,1868.800049,1868.800049,466
5/4/2022,1867,1867,1867,1867,1
5/5/2022,1874,1904.300049,1874,1897,80
5/6/2022,1881.199951,1890.300049,1871.5,1874.699951,214
5/9/2022,1857.099976,1867.5,1854,1866.599976,304
5/10/2022,1839.900024,1839.900024,1839.900024,1839.900024,1540
5/11/2022,1852.599976,1852.599976,1841,1841.5,892
5/12/2022,1823.800049,1851.900024,1822.199951,1849.800049,153
5/13/2022,1807.400024,1825,1807.400024,1825,335
5/16/2022,1813.5,1813.5,1787,1790.5,34
5/17/2022,1818.199951,1828.599976,1816.699951,1824.900024,121
5/18/2022,1815.900024,1819.699951,1805,1815,311
5/19/2022,1841.199951,1841.199951,1810.699951,1810.900024,138
5/20/2022,1841.800049,1841.800049,1836.300049,1839.099976,110
5/23/2022,1847.800049,1863,1845.800049,1846.300049,216
5/24/2022,1865.099976,1867,1852.5,1852.5,33
5/25/2022,1846.199951,1846.199951,1846.199951,1846.199951,0
5/26/2022,1847.400024,1847.400024,1840.400024,1840.400024,123355
5/27/2022,1851.300049,1860.699951,1845.900024,1848.300049,30091
5/31/2022,1842.699951,1862.099976,1832.800049,1850.300049,4073
6/1/2022,1843.300049,1847.900024,1825.300049,1831,1623
6/2/2022,1866.5,1868.699951,1842.099976,1845.400024,551
6/3/2022,1845.400024,1871.800049,1845.400024,1867.599976,53
6/6/2022,1839.199951,1854.099976,1839.199951,1849,142
6/7/2022,1847.5,1851.599976,1835,1836.900024,1168
6/8/2022,1851.900024,1855,1844.400024,1844.800049,218
6/9/2022,1848.800049,1850.099976,1837.900024,1846.099976,159
6/10/2022,1871.5,1875.599976,1823.900024,1842.699951,1490
6/13/2022,1828,1873.800049,1818.699951,1873.800049,127
6/14/2022,1809.5,1825.5,1805.300049,1825,536
6/15/2022,1815.300049,1839,1810.800049,1814.099976,108
6/16/2022,1845.699951,1850.599976,1814.900024,1819.199951,136
6/17/2022,1835.599976,1853.699951,1833.599976,1853.699951,170
6/21/2022,1834.599976,1838.599976,1830.099976,1835.300049,216
6/22/2022,1834.300049,1842.699951,1821.599976,1829.5,115
6/23/2022,1825.699951,1841.199951,1825.699951,1835.5,9
6/24/2022,1826.5,1826.5,1815.800049,1820.5,61
6/27/2022,1820.900024,1830.699951,1819.900024,1830.5,77
6/28/2022,1817.5,1826,1817.5,1824.199951,391
6/29/2022,1813.699951,1830.300049,1812.800049,1818.300049,173
6/30/2022,1804.099976,1817.300049,1801,1809.599976,328
7/1/2022,1798.900024,1806.099976,1791.599976,1795.5,77
7/5/2022,1761.800049,1805.400024,1761.800049,1805.400024,64
7/6/2022,1734.900024,1768,1734,1762.5,1729
7/7/2022,1737.900024,1745.199951,1737,1745.199951,1869
7/8/2022,1740.599976,1749.300049,1732.099976,1738.099976,370
7/11/2022,1730,1736.699951,1730,1732.5,75
7/12/2022,1723.300049,1735.5,1723.300049,1734.199951,451
7/13/2022,1734.199951,1734.199951,1710,1710,368
7/14/2022,1704.5,1710.5,1704.5,1710.300049,1289
7/15/2022,1702.400024,1709.699951,1701.099976,1705.400024,721
7/18/2022,1709.199951,1712.400024,1709.199951,1712.199951,264
7/19/2022,1710,1714.400024,1706.099976,1712.300049,1684
7/20/2022,1699.5,1708.5,1699.5,1707.099976,130
7/21/2022,1712.699951,1715.5,1679.800049,1687,183
7/22/2022,1727.099976,1735,1713,1713.300049,61
7/25/2022,1719,1732,1719,1727,67
7/26/2022,1717.699951,1718,1717.699951,1718,1
7/27/2022,1719.099976,1719.099976,1719.099976,1719.099976,144865
7/28/2022,1750.300049,1755,1732,1732.300049,37236
7/29/2022,1762.900024,1765.699951,1750,1754,3485
8/1/2022,1769,1772.5,1756.099976,1763.900024,705
8/2/2022,1771.099976,1786.599976,1759.400024,1772.099976,1078
8/3/2022,1758,1770.5,1753,1756.699951,399
8/4/2022,1788.5,1792.099976,1767.699951,1769.400024,285
8/5/2022,1772.900024,1791.400024,1764.199951,1791.199951,645
8/8/2022,1786.800049,1786.800049,1771.800049,1771.800049,127
8/9/2022,1794,1796.099976,1789,1790,249
8/10/2022,1795.599976,1804.900024,1787.800049,1804.400024,601
8/11/2022,1789.699951,1794.300049,1785.699951,1794.300049,1235
8/12/2022,1798.599976,1800.400024,1784.300049,1786.300049,187
8/15/2022,1781.400024,1799,1774.699951,1799,64
8/16/2022,1773.199951,1777.400024,1771.400024,1777.400024,308
8/17/2022,1760.300049,1769.699951,1760,1769.699951,23
8/18/2022,1755.300049,1762.900024,1753.400024,1762.900024,321
8/19/2022,1747.599976,1754.300049,1747.5,1753.699951,49
8/22/2022,1734,1740.5,1726.5,1740.5,347
8/23/2022,1746.800049,1748.900024,1731.900024,1738,509
8/24/2022,1747.800049,1751.800049,1743.599976,1745,187
8/25/2022,1757.699951,1761.800049,1755,1761.599976,172
8/26/2022,1736.099976,1755,1736.099976,1754,202
8/29/2022,1736.599976,1741.199951,1732.099976,1732.400024,950
8/30/2022,1723.199951,1739,1720.699951,1736.400024,385
8/31/2022,1712.800049,1720.900024,1708.5,1718.300049,2133
9/1/2022,1696.599976,1707.900024,1693.900024,1707.900024,683
9/2/2022,1709.800049,1715.699951,1703.099976,1703.400024,182
9/6/2022,1700.400024,1717.400024,1699.699951,1709.699951,697
9/7/2022,1715.300049,1715.300049,1694.699951,1694.800049,651
9/8/2022,1708,1718.199951,1705.300049,1718.199951,1193
9/9/2022,1716.199951,1720,1712.800049,1719.199951,635
9/12/2022,1728.099976,1728.099976,1727.400024,1727.400024,68
9/13/2022,1705,1720.5,1697.300049,1720.5,432
9/14/2022,1696.5,1701.800049,1696.5,1698.699951,532
9/15/2022,1665.400024,1686,1662.300049,1685.5,1125
9/16/2022,1671.699951,1674.900024,1651.699951,1660.400024,464
9/19/2022,1666.199951,1669.400024,1658.5,1661.800049,580
9/20/2022,1659.699951,1659.699951,1659.699951,1659.699951,2830
9/21/2022,1664.599976,1680.099976,1664.599976,1665.5,2337
9/22/2022,1670.800049,1670.800049,1668.300049,1668.300049,973
9/23/2022,1645.300049,1667,1645.300049,1667,1224
9/26/2022,1623.300049,1623.300049,1623.300049,1623.300049,1205
9/27/2022,1626.699951,1636.599976,1626.699951,1632.199951,888
9/28/2022,1660.400024,1660.400024,1620.400024,1620.400024,18311
9/29/2022,1658.5,1662.599976,1640,1657,6028
9/30/2022,1662.400024,1672.699951,1658,1661.699951,548
10/3/2022,1692.900024,1700,1661.900024,1667.199951,410
10/4/2022,1721.099976,1728,1696,1701.199951,291
10/5/2022,1711.400024,1726.599976,1703,1724.099976,418
10/6/2022,1711.699951,1723.300049,1709.099976,1721,133
10/7/2022,1700.5,1710.099976,1693.699951,1710.099976,179
10/10/2022,1667.300049,1693.400024,1667,1693.400024,195
10/11/2022,1678.699951,1678.699951,1661,1661.800049,167
10/12/2022,1670.300049,1672.699951,1668,1668,149
10/13/2022,1670,1675.300049,1641.5,1675.199951,729
10/14/2022,1641.699951,1667,1640,1665.300049,82
10/17/2022,1657,1657,1646.800049,1650.199951,238
10/18/2022,1649,1655.199951,1649,1651.400024,597
10/19/2022,1627.5,1637.5,1627.5,1637.5,84
10/20/2022,1630.800049,1641.400024,1622.800049,1622.800049,477
10/21/2022,1651,1653.900024,1634.099976,1634.099976,224
10/24/2022,1648.699951,1662.699951,1648.699951,1662.699951,29
10/25/2022,1652.800049,1652.800049,1637.300049,1648.199951,880
10/26/2022,1664,1667,1649.800049,1649.800049,89
10/27/2022,1660.699951,1660.699951,1660.699951,1660.699951,2298
10/28/2022,1639.599976,1661,1638.699951,1661,626
10/31/2022,1635.900024,1641.800049,1633.400024,1641.800049,522
11/1/2022,1645,1653.699951,1630.800049,1630.800049,985
11/2/2022,1645.699951,1664.699951,1634,1650.800049,612
11/3/2022,1627.300049,1629.199951,1615.099976,1629.199951,1427
11/4/2022,1672.5,1674.5,1629,1630.199951,159
11/7/2022,1676.5,1677.900024,1672.900024,1676.900024,42
11/8/2022,1712.099976,1712.099976,1703.199951,1703.199951,23
11/9/2022,1710.099976,1720.199951,1706,1707.400024,497
11/10/2022,1750.300049,1750.300049,1708.199951,1708.199951,325
11/11/2022,1766,1766,1757.599976,1763.800049,257
11/14/2022,1773.599976,1773.599976,1761.599976,1762,358
11/15/2022,1773.800049,1773.800049,1769.900024,1770.800049,57
11/16/2022,1773,1778.900024,1773,1776.599976,303
11/17/2022,1760.800049,1763,1756,1763,18
11/18/2022,1751.900024,1763.300049,1747.599976,1763.300049,414
11/21/2022,1737.400024,1744.900024,1736.099976,1739,544
11/22/2022,1738.300049,1741.699951,1738.300049,1741.699951,15
11/23/2022,1744.900024,1750.900024,1736.5,1736.5,39
11/25/2022,1753.300049,1757.900024,1749.199951,1753,216
11/28/2022,1740.099976,1741.300049,1740.099976,1741.300049,132767
11/29/2022,1748.400024,1758.199951,1737.900024,1739.5,19416
11/30/2022,1746,1769.400024,1745.099976,1748.099976,3339
12/1/2022,1801.099976,1803.699951,1768.699951,1768.699951,1053
12/2/2022,1795.900024,1802.300049,1779.400024,1802,1725
12/5/2022,1767.400024,1808,1764.300049,1795.699951,1713
12/6/2022,1769.300049,1779.400024,1767.900024,1768.599976,105
12/7/2022,1785.5,1790.300049,1769.300049,1769.300049,422
12/8/2022,1788.699951,1790.900024,1782,1782,713
12/9/2022,1798.099976,1804.300049,1791.099976,1794.900024,125
12/12/2022,1780.5,1793.900024,1777.699951,1787.300049,85
12/13/2022,1813.900024,1819.800049,1780.5,1780.699951,205
12/14/2022,1807.5,1812.800049,1797.900024,1810.800049,1074
12/15/2022,1777.199951,1801,1774.800049,1801,421
12/16/2022,1790,1791.400024,1777.900024,1777.900024,206
12/19/2022,1787.699951,1796.300049,1785.599976,1791.599976,79
12/20/2022,1815.900024,1821.400024,1786.5,1786.5,51
12/21/2022,1815.900024,1821.400024,1814.400024,1817.400024,35
12/22/2022,1787,1818.099976,1785,1818.099976,411
12/23/2022,1795.900024,1802.800049,1794.099976,1794.300049,49
12/27/2022,1814.800049,1826.300049,1803.400024,1803.400024,69
12/28/2022,1807.900024,1807.900024,1803.099976,1803.199951,434
12/29/2022,1819.5,1819.5,1805.800049,1805.800049,277
12/30/2022,1819.699951,1822.300049,1816.800049,1817,95
1/3/2023,1839.699951,1839.699951,1836.199951,1836.199951,29
1/4/2023,1852.800049,1859.099976,1845.599976,1845.599976,25
1/5/2023,1834.800049,1855.199951,1834.800049,1855.199951,24
1/6/2023,1864.199951,1868.199951,1835.300049,1838.400024,26
1/9/2023,1872.699951,1880,1867,1867,62
1/10/2023,1871.599976,1878.099976,1871.599976,1877.800049,101
1/11/2023,1874.599976,1877.800049,1873.099976,1873.099976,1236
1/12/2023,1895.5,1897.400024,1877.199951,1877.199951,59
1/13/2023,1918.400024,1920.900024,1898.300049,1899,512
1/17/2023,1907.199951,1920.099976,1905.199951,1920.099976,706
1/18/2023,1904.400024,1911.099976,1903.099976,1911.099976,1027
1/19/2023,1922.099976,1931.800049,1922.099976,1922.099976,371
1/20/2023,1926.400024,1928.5,1921.400024,1922.099976,1346
1/23/2023,1927.099976,1927.099976,1915,1926.5,218
1/24/2023,1933.900024,1936.800049,1931.800049,1931.800049,201
1/25/2023,1941.199951,1941.199951,1939.800049,1941.199951,7
1/26/2023,1929.099976,1937.099976,1927.099976,1936.599976,131
1/27/2023,1928.599976,1928.599976,1928.599976,1928.599976,150902
1/30/2023,1922.900024,1933.599976,1920.300049,1928.300049,27220
1/31/2023,1929.5,1930.400024,1900.599976,1923,1910
2/1/2023,1927.800049,1955,1922,1927.199951,2290
2/2/2023,1916.300049,1959.099976,1911.300049,1952.300049,748
2/3/2023,1862.900024,1917,1861.5,1912.400024,992
2/6/2023,1866.199951,1880,1863.400024,1865.599976,424
2/7/2023,1871.699951,1875.699951,1868,1870,297
2/8/2023,1877.400024,1880.400024,1872.099976,1872.099976,230
2/9/2023,1866.199951,1884.599976,1859.800049,1875.300049,223
2/10/2023,1862.800049,1863.5,1852.400024,1861.599976,27
2/13/2023,1851.900024,1861,1850,1859,569
2/14/2023,1854,1862,1846.199951,1854.099976,656
2/15/2023,1834.199951,1842,1828.199951,1842,368
2/16/2023,1842,1843.699951,1827.199951,1838.599976,222
2/17/2023,1840.400024,1842.199951,1818.400024,1827.400024,35
2/21/2023,1833,1843,1833,1842.599976,862
2/22/2023,1832,1836.199951,1825.099976,1835.699951,278
2/23/2023,1818,1827.5,1818,1826.400024,291
2/24/2023,1808.800049,1808.800049,1808.800049,1808.800049,404
2/27/2023,1817,1817.5,1808.900024,1811.599976,829
2/28/2023,1828.900024,1830,1808.099976,1808.099976,618
3/1/2023,1837.699951,1841.699951,1827.099976,1827.099976,211
3/2/2023,1833.5,1836.300049,1830,1830,154
3/3/2023,1847.699951,1855.400024,1837.300049,1837.300049,61
3/6/2023,1847.900024,1853.800049,1844.199951,1853.300049,5
3/7/2023,1813.900024,1840.900024,1813.900024,1840.900024,450
3/8/2023,1812.699951,1812.900024,1811.5,1811.599976,75
3/9/2023,1829.300049,1829.300049,1815.599976,1816.400024,332
3/10/2023,1862,1868.5,1852,1852.300049,248
3/13/2023,1911.699951,1913.099976,1875.099976,1890.800049,503
3/14/2023,1906.199951,1912.199951,1901.099976,1912.199951,107
3/15/2023,1926.599976,1926.599976,1898.5,1903.900024,564
3/16/2023,1919,1931.699951,1909.900024,1909.900024,394
3/17/2023,1969.800049,1985.099976,1946,1946,82
3/20/2023,1979.199951,2003.900024,1968.900024,1988.300049,389
3/21/2023,1938,1973.800049,1938,1973.800049,47
3/22/2023,1946.800049,1974,1946.800049,1946.800049,50
3/23/2023,1993.800049,1994.599976,1990.5,1990.5,33
3/24/2023,1982.099976,1995.400024,1982.099976,1991.699951,19
3/27/2023,1952.400024,1957.199951,1952.400024,1957.199951,877
3/28/2023,1972.400024,1972.400024,1972.400024,1972.400024,21
3/29/2023,1966.099976,1966.099976,1966.099976,1966.099976,88563
3/30/2023,1980.300049,1984.400024,1954.900024,1965.900024,10119
3/31/2023,1969,1986.800049,1968,1981.300049,957
4/3/2023,1983.900024,1991.699951,1950,1968.099976,737
4/4/2023,2022.199951,2027.099976,1979,1984.599976,811
4/5/2023,2020.900024,2033.800049,2013.599976,2022.099976,525
4/6/2023,2011.900024,2023.300049,2005,2022.199951,0
4/10/2023,1989.099976,2006.599976,1984,2000,652
4/11/2023,2004.800049,2006.5,1991.400024,1991.400024,68
4/12/2023,2010.900024,2025.699951,2005.199951,2005.199951,172
4/13/2023,2041.300049,2048.600098,2015.599976,2015.599976,1043
4/14/2023,2002.199951,2047.800049,1995,2041,718
4/17/2023,1994.199951,2007.599976,1983.199951,2002.699951,554
4/18/2023,2007.400024,2007.400024,1996.900024,1996.900024,72
4/19/2023,1995.199951,2006.400024,1969.800049,2005.699951,61
4/20/2023,2007.599976,2007.599976,1998,1998,164
4/21/2023,1979.5,1996.199951,1974.099976,1996.199951,132
4/24/2023,1989.099976,1989.800049,1977.400024,1981.300049,145
4/25/2023,1994,1999.099976,1982.300049,1995.699951,306
4/26/2023,1985.699951,1998.800049,1985.599976,1997.800049,615
4/27/2023,1989.900024,2002.300049,1979.900024,1990.599976,355
4/28/2023,1990.099976,1990.099976,1977.699951,1986.900024,152
5/1/2023,1983.400024,2005,1976.900024,1980.099976,210
5/2/2023,2014.300049,2018,1994.699951,1994.699951,1896
5/3/2023,2028.599976,2035.099976,2015.199951,2017.099976,1349
5/4/2023,2048,2072,2040,2045,930
5/5/2023,2017.400024,2046.400024,2004.300049,2046.400024,59
5/8/2023,2026.300049,2026.300049,2022.5,2022.5,3
5/9/2023,2036.199951,2037.300049,2025.900024,2026.599976,241
5/10/2023,2030.5,2044.300049,2029.5,2032.300049,248
5/11/2023,2014.699951,2038.300049,2014,2034.099976,90
5/12/2023,2014.5,2014.5,2014.5,2014.5,115
5/15/2023,2018,2018,2013.800049,2013.800049,3
5/16/2023,1988.400024,1988.400024,1988.400024,1988.400024,49
5/17/2023,1980.699951,1983.599976,1980.699951,1983.599976,13
5/18/2023,1956.5,1956.800049,1956.5,1956.5,23
5/19/2023,1978.699951,1978.699951,1960,1960,106
5/22/2023,1974.800049,1980.5,1974.800049,1980.5,8
5/23/2023,1972.400024,1972.400024,1972.400024,1972.400024,1
5/24/2023,1962.800049,1975.400024,1962.800049,1975.400024,189
5/25/2023,1943.099976,1943.099976,1943.099976,1943.099976,1
5/26/2023,1944.099976,1948.400024,1944.099976,1948.199951,166036
5/30/2023,1958,1962.599976,1931,1942.699951,37838
5/31/2023,1963.900024,1973,1953,1958.199951,5959
6/1/2023,1978,1983,1954.300049,1963.199951,750
6/2/2023,1952.400024,1982.5,1947.400024,1977.099976,356
6/5/2023,1958,1961.900024,1937.800049,1947.5,713
6/6/2023,1965.5,1965.5,1958.800049,1960.800049,164
6/7/2023,1942.699951,1968.400024,1940.699951,1959,139
6/8/2023,1963.599976,1969,1943.099976,1943.199951,433
6/9/2023,1962.199951,1969.800049,1960.300049,1965.099976,49
6/12/2023,1955.300049,1963.5,1951.400024,1959.699951,212
6/13/2023,1944.599976,1967.5,1940.300049,1960.599976,343
6/14/2023,1955.300049,1958.199951,1940.300049,1946.199951,202
6/15/2023,1957.800049,1958.800049,1926,1941.699951,329
6/16/2023,1958.400024,1962.900024,1953.5,1961.400024,119
6/20/2023,1935.5,1958.599976,1931.300049,1958.599976,193
6/21/2023,1933.300049,1936.800049,1920,1935.599976,557
6/22/2023,1912.699951,1921,1912.099976,1920,237
6/23/2023,1919.099976,1932.5,1918.699951,1918.699951,105
6/26/2023,1923.699951,1928.5,1922.5,1922.900024,71
6/27/2023,1914,1929.400024,1914,1927,49
6/28/2023,1912.300049,1912.300049,1912.300049,1912.300049,628
6/29/2023,1909.199951,1909.900024,1892.5,1909.900024,289
6/30/2023,1921.099976,1921.099976,1900.599976,1908.599976,445
7/3/2023,1921.699951,1929.5,1917.900024,1917.900024,41
7/5/2023,1919.599976,1933.900024,1914.699951,1923.5,193
7/6/2023,1908.699951,1910.199951,1903.199951,1909.300049,81
7/7/2023,1926.199951,1934.099976,1913.400024,1913.400024,61
7/10/2023,1925,1926.099976,1912.300049,1923.599976,269
7/11/2023,1931.300049,1937,1924.199951,1925,142
7/12/2023,1956.199951,1958,1932.199951,1932.300049,132
7/13/2023,1959.199951,1961.099976,1953,1961.099976,121
7/14/2023,1960.099976,1960.599976,1952.699951,1958.400024,94
7/17/2023,1952.400024,1956.5,1946.599976,1954,29
7/18/2023,1977.199951,1978.400024,1963.400024,1968.800049,83
7/19/2023,1977.5,1977.5,1973,1977,35
7/20/2023,1968.300049,1973.699951,1965.599976,1973.699951,638
7/21/2023,1964.300049,1964.300049,1961.800049,1961.800049,50
7/24/2023,1960.300049,1965.5,1960.300049,1965.300049,2
7/25/2023,1962.099976,1962.5,1953,1953,19
7/26/2023,1968.900024,1972,1966.199951,1966.199951,51
7/27/2023,1945.400024,1945.400024,1945.400024,1945.400024,194253
7/28/2023,1960.400024,1962.199951,1944.199951,1945.5,23155
7/31/2023,1970.5,1971.599976,1950,1959.199951,1025
8/1/2023,1940.699951,1965.400024,1940.699951,1964.900024,688
8/2/2023,1937.400024,1953.599976,1933.199951,1948.400024,652
8/3/2023,1932,1936.5,1928,1934.199951,773
8/4/2023,1939.599976,1945,1920,1934.900024,290
8/7/2023,1933.5,1941,1929.800049,1941,376
8/8/2023,1924.099976,1933.199951,1923,1931.699951,555
8/9/2023,1915.400024,1928.800049,1913.699951,1925.400024,451
8/10/2023,1914.400024,1927.800049,1911.400024,1921.099976,178
8/11/2023,1912.900024,1916.599976,1911.800049,1913,57
8/14/2023,1910.599976,1912.599976,1903.300049,1909.300049,46
8/15/2023,1902.5,1907.699951,1895,1906,73
8/16/2023,1896.099976,1904.5,1890.300049,1904.5,22
8/17/2023,1884.099976,1902.400024,1884,1893.699951,245
8/18/2023,1886.099976,1891.800049,1886.099976,1891.800049,19
8/21/2023,1893.300049,1893.599976,1893.300049,1893.599976,876
8/22/2023,1896.400024,1896.800049,1892.800049,1894.599976,46
8/23/2023,1918.5,1918.5,1909.599976,1909.599976,547
8/24/2023,1918.199951,1920.800049,1918.199951,1920,337
8/25/2023,1911.099976,1919.800049,1911.099976,1919.800049,195
8/28/2023,1917.900024,1921.5,1915.5,1915.5,99
8/29/2023,1936.5,1936.5,1916.900024,1917.900024,1674
8/30/2023,1944.300049,1946.400024,1934.599976,1936,396
8/31/2023,1938.199951,1944.400024,1938.199951,1944.400024,491
9/1/2023,1939.800049,1950,1936.599976,1950,167
9/5/2023,1926.199951,1934.400024,1924.699951,1934.400024,113
9/6/2023,1918.099976,1925.300049,1916.300049,1924.099976,24
9/7/2023,1917.5,1921.5,1917.5,1917.599976,41
9/8/2023,1918.400024,1924.699951,1918.400024,1924,105
9/11/2023,1923.300049,1928.300049,1921.800049,1923,50
9/12/2023,1911.300049,1920.800049,1911.300049,1920.800049,365
9/13/2023,1909.099976,1914.599976,1908.900024,1910.300049,15
9/14/2023,1910,1910,1903,1903,169
9/15/2023,1923.699951,1927.300049,1923.5,1923.5,8
9/18/2023,1931.5,1931.5,1926.400024,1928.199951,19
9/19/2023,1932,1934,1932,1934,6
9/20/2023,1945.599976,1945.599976,1929.199951,1945.599976,119
9/21/2023,1919.199951,1924,1919.199951,1924,9
9/22/2023,1925.400024,1925.400024,1925.400024,1925.400024,1
9/25/2023,1916.599976,1916.599976,1916.599976,1916.599976,114
9/26/2023,1900.400024,1905.099976,1900.400024,1905,161
9/27/2023,1871.599976,1871.599976,1871.599976,1871.599976,12251
9/28/2023,1860.400024,1878.199951,1856.699951,1875.5,4654
9/29/2023,1848.099976,1872.300049,1846,1864.300049,1605
10/2/2023,1830,1845.900024,1826.699951,1844.099976,2309
10/3/2023,1824.599976,1830.900024,1816.800049,1825,310
10/4/2023,1818.5,1828.199951,1816.400024,1821.800049,357
10/5/2023,1816.599976,1826.300049,1815.599976,1826.300049,393
10/6/2023,1830.199951,1831.800049,1809.400024,1819,390
10/9/2023,1849.5,1861.5,1842.5,1842.5,232
10/10/2023,1861,1861.400024,1852.800049,1857,236
10/11/2023,1872.800049,1874.599976,1869.099976,1869.5,65
10/12/2023,1869.300049,1881.199951,1867,1874.699951,46
10/13/2023,1927.400024,1930.099976,1877.5,1877.5,43
10/16/2023,1921.099976,1921.099976,1910.300049,1910.400024,53
10/17/2023,1922.699951,1925.800049,1914.300049,1914.300049,103
10/18/2023,1955.300049,1957.900024,1935,1935,67
10/19/2023,1968.400024,1977.699951,1945.699951,1950.099976,1945
10/20/2023,1982.5,1988.599976,1980.400024,1981.099976,557
10/23/2023,1976.300049,1978.900024,1972.900024,1976.199951,127
10/24/2023,1975,1975,1970.300049,1970.300049,10
10/25/2023,1984.099976,1985.300049,1971.199951,1971.199951,97
10/26/2023,1987.199951,1988.199951,1980.400024,1988.199951,521
10/27/2023,1988.599976,1988.599976,1988.599976,1988.599976,372
10/30/2023,1996.199951,2004.099976,1992.5,2004.099976,157
10/31/2023,1985.199951,2001,1983.699951,1996.5,84
11/1/2023,1978.800049,1990.5,1977.800049,1990.5,41
11/2/2023,1985.599976,1990.300049,1979.5,1989.099976,39
11/3/2023,1991.5,1991.5,1989,1989,12
11/6/2023,1981.599976,1981.599976,1977.400024,1981.599976,130
11/7/2023,1966.800049,1966.800049,1960.699951,1966.5,20
11/8/2023,1951.5,1967.800049,1947.699951,1967.800049,43
11/9/2023,1964.199951,1964.199951,1945.300049,1951.699951,10
11/10/2023,1932.599976,1959.599976,1932.599976,1959.599976,375
11/13/2023,1945.5,1947.199951,1934,1939.900024,191
11/14/2023,1961.800049,1965.800049,1961.800049,1965.800049,2
11/15/2023,1960.099976,1962.800049,1960,1962.800049,6
11/16/2023,1983.900024,1983.900024,1964.599976,1965.300049,39
11/17/2023,1981.599976,1984,1979.800049,1982.5,32
11/20/2023,1977.699951,1979.400024,1969.699951,1978.699951,182
11/21/2023,1999.300049,2005.5,1988.5,1990.699951,16
11/22/2023,1991.400024,1999.400024,1991,1999.099976,6075
11/24/2023,2002.199951,2002.199951,1991.5,1991.900024,63
11/27/2023,2011.800049,2011.800049,2011.699951,2011.699951,228
11/28/2023,2039.699951,2042.699951,2039.699951,2040.599976,174665
11/29/2023,2047.099976,2052.100098,2036,2041.699951,15290
11/30/2023,2038.099976,2047.099976,2033.099976,2046.099976,2506
12/1/2023,2071,2073.199951,2036,2038.300049,614
12/4/2023,2024.099976,2130.199951,2021,2075.300049,1071
12/5/2023,2018.5,2037,2010.199951,2035.099976,289
12/6/2023,2030.5,2035.800049,2019,2019.900024,417
12/7/2023,2029.900024,2034.900024,2024,2029.199951,67
12/8/2023,1998.300049,2033.099976,1995,2031.699951,449
12/11/2023,1978,2004.199951,1977.199951,2004.099976,651
12/12/2023,1977.800049,1994.199951,1977.800049,1984.199951,95
12/13/2023,1982.300049,2024.800049,1975,1978.5,2252
12/14/2023,2030.199951,2040.099976,2024.300049,2024.699951,236
12/15/2023,2021.099976,2043.400024,2018.300049,2032.599976,261
12/18/2023,2026.300049,2032.800049,2024,2024.300049,100
12/19/2023,2038.400024,2042.699951,2025.199951,2025.199951,498
12/20/2023,2034.5,2037.099976,2030.300049,2037.099976,258
12/21/2023,2039.099976,2044.5,2033,2035.800049,228
12/22/2023,2057.100098,2068.699951,2052.199951,2055.699951,202
12/26/2023,2058.199951,2060.800049,2054.199951,2060,64
12/27/2023,2081.899902,2081.899902,2064.800049,2067.300049,586
12/28/2023,2073.899902,2087.300049,2066.5,2081.600098,338
12/29/2023,2062.399902,2068.899902,2062.100098,2068,47
1/2/2024,2064.399902,2073.699951,2057.100098,2063.5,61
1/3/2024,2034.199951,2044,2034.199951,2034.199951,54
1/4/2024,2042.300049,2044.5,2038,2041.599976,88
1/5/2024,2042.400024,2048.100098,2042.400024,2044.5,12
1/8/2024,2026.599976,2033.699951,2019.099976,2019.099976,10
1/9/2024,2026.400024,2035.800049,2026.400024,2035.800049,27
1/10/2024,2021.699951,2035.599976,2021.699951,2029,538
1/11/2024,2014.300049,2025.099976,2014.300049,2025.099976,97
1/12/2024,2046.699951,2057,2031.099976,2031.099976,390
1/16/2024,2026,2054.800049,2026,2051.699951,46
1/17/2024,2002.599976,2026.5,2002.599976,2026.5,764
1/18/2024,2018.599976,2018.599976,2009.5,2012.800049,1474
1/19/2024,2026.5,2036,2019.5,2023.199951,50
1/22/2024,2019.800049,2021.300049,2019.800049,2021.300049,12
1/23/2024,2023.699951,2030.300049,2022.5,2030.300049,15
1/24/2024,2013.900024,2033.199951,2013.900024,2023.199951,253
1/25/2024,2016.900024,2022.400024,2012.099976,2012.099976,548
1/26/2024,2016.800049,2022.400024,2016.800049,2021.699951,49
1/29/2024,2025.199951,2025.199951,2025.199951,2025.199951,150708
1/30/2024,2031.5,2048.5,2028.099976,2032.5,26907
1/31/2024,2048.399902,2055,2030,2035.400024,2007
2/1/2024,2053,2064.5,2029,2040.199951,947
2/2/2024,2036.099976,2055.899902,2027.699951,2054.800049,888
2/5/2024,2025.699951,2040.800049,2013.800049,2038.900024,412
2/6/2024,2034.5,2037.300049,2025.900024,2025.900024,249
2/7/2024,2035.199951,2039.5,2032.699951,2032.800049,71
2/8/2024,2032.199951,2036.699951,2020.300049,2028,341
2/9/2024,2023.300049,2032,2020,2032,62
2/12/2024,2018.199951,2025.5,2011.599976,2025.5,317
2/13/2024,1992.900024,2025.800049,1990,2025.099976,198
2/14/2024,1990.300049,1993.5,1984.800049,1990.300049,1916
2/15/2024,2002.099976,2007.199951,1993.599976,1993.599976,286
2/16/2024,2011.5,2011.5,1996.5,2005,32
2/20/2024,2027.5,2029,2015.599976,2015.599976,1326
2/21/2024,2022.300049,2028.199951,2022.300049,2028.199951,15
2/22/2024,2019.699951,2033.199951,2019.699951,2033.199951,964
2/23/2024,2038.599976,2038.599976,2014.900024,2026,22
2/26/2024,2028.5,2035.400024,2024.800049,2034.099976,143
2/27/2024,2034,2035.900024,2034,2035.900024,964
2/28/2024,2033,2037,2024.800049,2029.5,581
2/29/2024,2045.699951,2049.800049,2034.300049,2034.300049,706
3/1/2024,2086.899902,2086.899902,2041.800049,2043.099976,1210
3/4/2024,2117.699951,2119.800049,2080.699951,2083.600098,805
3/5/2024,2133.5,2133.5,2111.399902,2114.899902,1287
3/6/2024,2150.300049,2150.300049,2125.5,2125.5,443
3/7/2024,2158,2163,2147,2147,152
3/8/2024,2178.600098,2194.899902,2166.300049,2167.300049,259
3/11/2024,2182.5,2184,2177.199951,2181,738
3/12/2024,2160.399902,2182.699951,2160.399902,2182.5,550
3/13/2024,2175.399902,2175.399902,2162.5,2162.5,20
3/14/2024,2163,2163,2162.300049,2163,515
3/15/2024,2157.300049,2161.699951,2157.300049,2161.699951,100
3/18/2024,2160.699951,2160.699951,2146.199951,2146.199951,21
3/19/2024,2156.300049,2156.300049,2156.100098,2156.100098,12
3/20/2024,2157.899902,2185.899902,2150.899902,2157.300049,17
3/21/2024,2182.399902,2211.600098,2182.399902,2207,63
3/22/2024,2158.100098,2179.600098,2157.5,2179.199951,19
3/25/2024,2174.800049,2179.399902,2166.199951,2166.199951,79
3/26/2024,2175.600098,2182.699951,2175.600098,2182.699951,202373
3/27/2024,2190.600098,2196.199951,2172.100098,2179.399902,31200
3/28/2024,2217.399902,2234.100098,2187.100098,2193.600098,2040
4/1/2024,2236.5,2264.199951,2230,2235.699951,400
4/2/2024,2261,2279.199951,2247.600098,2252,435
4/3/2024,2294.399902,2298.800049,2267.899902,2281.699951,285
4/4/2024,2288.800049,2302.899902,2280,2301.699951,251
4/5/2024,2325.699951,2328.399902,2267.399902,2289.199951,344
4/8/2024,2331.699951,2341.800049,2319,2325.600098,202
4/9/2024,2343.5,2364.699951,2337.800049,2337.800049,211
4/10/2024,2329.600098,2358.100098,2327.699951,2346.600098,377
4/11/2024,2354.800049,2376.300049,2330.600098,2341.5,283
4/12/2024,2356.199951,2429,2334.300049,2377.300049,584
4/15/2024,2365.800049,2384.699951,2326,2362.100098,1801
4/16/2024,2390.800049,2390.800049,2371.399902,2384,41
4/17/2024,2371.699951,2391.399902,2369.300049,2384.199951,37
4/18/2024,2382.300049,2384.399902,2368.399902,2368.399902,128
4/19/2024,2398.399902,2399.800049,2377.300049,2379.300049,160
4/22/2024,2332.199951,2383.300049,2326.899902,2383.300049,53
4/23/2024,2327.699951,2330.800049,2294.199951,2327.699951,171
4/24/2024,2324.5,2328.699951,2314.600098,2321.300049,95
4/25/2024,2329.800049,2329.800049,2305,2315,1024
4/26/2024,2334.800049,2347.899902,2332.800049,2347.899902,717
4/29/2024,2345.399902,2345.5,2327.899902,2334.800049,405
4/30/2024,2291.399902,2322.5,2291.399902,2322.5,113
5/1/2024,2299.899902,2327.300049,2283.800049,2287.699951,42
5/2/2024,2299.199951,2324.699951,2292.300049,2321.699951,56
5/3/2024,2299,2301,2277.600098,2300,194
5/6/2024,2321.600098,2325.5,2314.199951,2322.800049,9
5/7/2024,2315.199951,2324.300049,2315.199951,2324.300049,25
5/8/2024,2313.600098,2313.600098,2313.600098,2313.600098,4
5/9/2024,2332.100098,2339.5,2310.699951,2310.699951,5
5/10/2024,2367.300049,2367.300049,2367.300049,2367.300049,126
5/13/2024,2336.100098,2358.300049,2336.100098,2358.300049,14
5/14/2024,2353.399902,2358,2336,2336,6
5/15/2024,2388.699951,2388.699951,2356,2361.600098,29
5/16/2024,2380,2392.199951,2380,2389.5,7
5/17/2024,2412.199951,2415.800049,2380.699951,2380.699951,213
5/20/2024,2433.899902,2435.800049,2409.699951,2415.800049,40
5/21/2024,2421.699951,2429.5,2421,2429.5,6
5/22/2024,2389.199951,2417.600098,2375.800049,2417.5,180
5/23/2024,2335,2371.199951,2335,2371.199951,365
5/24/2024,2332.5,2345.399902,2332.5,2342.600098,25
5/28/2024,2355.199951,2359.699951,2336.899902,2336.899902,26
5/29/2024,2340.300049,2340.300049,2340.300049,2340.300049,119317
5/30/2024,2342.899902,2349.5,2320.800049,2336.899902,32587
5/31/2024,2322.899902,2354,2319,2344.100098,941
6/3/2024,2346.600098,2347.5,2312,2322.600098,781
6/4/2024,2325.5,2347.699951,2313.899902,2347.5,890
6/5/2024,2354.100098,2354.300049,2326.199951,2326.399902,295
6/6/2024,2370.300049,2375.800049,2355,2355,179
6/7/2024,2305.199951,2385.100098,2285.399902,2379.899902,269
6/10/2024,2307.699951,2309.300049,2290.5,2290.600098,69
6/11/2024,2307.5,2314.100098,2300,2300,871
6/12/2024,2336,2338.699951,2310.300049,2314.899902,132
6/13/2024,2300.199951,2317.699951,2296.199951,2309.399902,298
6/14/2024,2331.399902,2331.399902,2305.800049,2307,948
6/17/2024,2312.399902,2320.199951,2309.600098,2320.199951,110
6/18/2024,2330.399902,2330.399902,2311.800049,2311.800049,43
6/20/2024,2353.800049,2354,2328.300049,2328.899902,183
6/21/2024,2316.399902,2331.199951,2316.399902,2331.199951,76
6/24/2024,2330,2332.899902,2322.699951,2323.300049,99
6/25/2024,2316.600098,2333,2316.600098,2324.399902,105
6/26/2024,2299.199951,2314.399902,2298,2307.899902,986
6/27/2024,2324.5,2329,2295,2296.800049,1532
6/28/2024,2327.699951,2338.300049,2319,2325.399902,92
7/1/2024,2327.600098,2329.699951,2321.699951,2323.800049,237
7/2/2024,2323,2334.600098,2323,2330.699951,30
7/3/2024,2359.800049,2361.600098,2330.899902,2330.899902,59
7/5/2024,2388.5,2388.5,2354.899902,2354.899902,72
7/8/2024,2355.199951,2383.800049,2352.800049,2381.699951,64
7/9/2024,2360.100098,2363.699951,2360.100098,2363.100098,9
7/10/2024,2372.199951,2377,2365.800049,2366.300049,19
7/11/2024,2415,2416.699951,2378.699951,2378.699951,72
7/12/2024,2414,2414,2391.300049,2399.800049,355
7/15/2024,2422.899902,2436,2422.899902,2430,540
7/16/2024,2462.399902,2462.399902,2427.399902,2427.399902,93
7/17/2024,2454.800049,2473.100098,2454.800049,2472.899902,10
7/18/2024,2451.800049,2466,2451.800049,2466,2
7/19/2024,2395.5,2419.199951,2395.5,2418.800049,15
7/22/2024,2392,2402.100098,2392,2402.100098,18
7/23/2024,2404.600098,2404.600098,2388.699951,2395.800049,41
7/24/2024,2413.300049,2421,2411.600098,2421,6
7/25/2024,2351.899902,2365.5,2351.899902,2365.5,31
7/26/2024,2380,2386.899902,2368.699951,2368.699951,95
7/29/2024,2377.300049,2377.300049,2377.300049,2377.300049,126409
7/30/2024,2405,2409.300049,2373.800049,2380.899902,25944
7/31/2024,2426.5,2447.600098,2402.800049,2407.100098,1313
8/1/2024,2435,2455.100098,2430.399902,2446.699951,690
8/2/2024,2425.699951,2477,2416,2444,550
8/5/2024,2401.699951,2449.800049,2367.399902,2442,334
8/6/2024,2389.100098,2421.800049,2380,2414.5,163
8/7/2024,2390.5,2401,2384.5,2392.199951,130
8/8/2024,2422.199951,2422.800049,2384.300049,2384.300049,201
8/9/2024,2432.100098,2432.100098,2418.5,2422.300049,611
8/12/2024,2462.399902,2469.800049,2432,2432.699951,566
8/13/2024,2466.699951,2470,2456.5,2461,510
8/14/2024,2439.399902,2472.100098,2439.399902,2468,274
8/15/2024,2453.100098,2467.699951,2431.199951,2451.800049,285
8/16/2024,2498.600098,2508,2451.399902,2453.5,197
8/19/2024,2501.800049,2508.5,2487.199951,2508.5,88
8/20/2024,2511.300049,2527.300049,2500.699951,2503.5,187
8/21/2024,2508.399902,2515.399902,2503.899902,2511,96
8/22/2024,2478.899902,2504.100098,2471.100098,2504.100098,210
8/23/2024,2508.399902,2508.399902,2486.5,2486.5,94
8/26/2024,2517.699951,2523.100098,2509.100098,2509.899902,290
8/27/2024,2516,2523.100098,2506.899902,2515.199951,100
8/28/2024,2501,2501,2501,2501,2353
8/29/2024,2525.699951,2525.699951,2503.899902,2504.100098,3966
8/30/2024,2493.800049,2525.399902,2493.800049,2519.5,208
9/3/2024,2489.899902,2501.800049,2476.300049,2501.600098,206
9/4/2024,2493.399902,2493.399902,2483.5,2490.899902,470
9/5/2024,2511.399902,2513.300049,2493.399902,2493.699951,54
9/6/2024,2493.5,2517.899902,2483.699951,2510.300049,96
9/9/2024,2501.800049,2504.699951,2491.300049,2491.300049,96
9/10/2024,2512.300049,2512.300049,2512.300049,2512.300049,5
9/11/2024,2512.100098,2525.800049,2502.300049,2525.800049,90
9/12/2024,2551.199951,2557,2523.399902,2529.100098,132
9/13/2024,2581.300049,2581.800049,2565,2568.800049,31
9/16/2024,2580.399902,2580.399902,2580.399902,2580.399902,28
9/17/2024,2564.300049,2581.800049,2564.300049,2581.199951,22
9/18/2024,2570.699951,2570.699951,2549.199951,2570.699951,25
9/19/2024,2588,2588,2566,2566,99
9/20/2024,2619.899902,2621.800049,2590.399902,2590.399902,17
9/23/2024,2626.5,2626.5,2626.5,2626.5,9
9/24/2024,2651.199951,2662.300049,2625.5,2636.800049,35
9/25/2024,2659.199951,2664.199951,2649.300049,2656.300049,175
9/26/2024,2669.899902,2669.899902,2660.800049,2662.300049,17216
9/27/2024,2644.300049,2672.100098,2641.699951,2670,4228
9/30/2024,2636.100098,2662.100098,2623.199951,2660.899902,973
10/1/2024,2667.300049,2670.899902,2631.399902,2631.399902,153
10/2/2024,2647.100098,2657.199951,2640,2650.600098,72
10/3/2024,2657.100098,2657.100098,2640,2642.800049,354
10/4/2024,2645.800049,2667,2639,2656,114
10/7/2024,2644.800049,2657.399902,2639,2648.699951,284
10/8/2024,2615,2639,2609.300049,2639,687
10/9/2024,2606,2607.699951,2603,2603,152
10/10/2024,2620.600098,2628.300049,2602.5,2602.5,320
10/11/2024,2657.600098,2658.100098,2638.199951,2638.300049,12
10/14/2024,2647.800049,2655.300049,2647.800049,2655,40
10/15/2024,2661.399902,2661.399902,2661.399902,2661.399902,39
10/16/2024,2674,2674,2674,2674,6
10/17/2024,2691,2691.699951,2677.199951,2677.399902,30
10/18/2024,2713.699951,2719.600098,2713.699951,2713.699951,29
10/21/2024,2723.100098,2738.399902,2719.5,2721.899902,52
10/22/2024,2744.199951,2746,2728.600098,2731.699951,93
10/23/2024,2714.399902,2742.5,2714.199951,2742.5,18
10/24/2024,2734.899902,2736.100098,2729,2729,27
10/25/2024,2740.899902,2742.399902,2725.5,2725.5,29
10/28/2024,2742.899902,2742.899902,2729.5,2736.100098,56
10/29/2024,2768.399902,2768.399902,2768.399902,2768.399902,848
10/30/2024,2788.5,2789,2774.600098,2774.600098,231
10/31/2024,2738.300049,2787.5,2733.5,2787.399902,849
11/1/2024,2738.600098,2756,2734.199951,2745.5,109
11/4/2024,2736.100098,2737.100098,2736.100098,2736.5,16
11/5/2024,2740.300049,2743.899902,2740.300049,2743,23
11/6/2024,2667.600098,2734.5,2659.399902,2734.5,427
11/7/2024,2698.399902,2699.100098,2662.5,2662.5,676
11/8/2024,2687.5,2694.600098,2682.899902,2688.5,1038
11/11/2024,2611.199951,2671.699951,2611.199951,2671.699951,20
11/12/2024,2600,2605.5,2592.800049,2605.5,118
11/13/2024,2580.800049,2611.800049,2580.800049,2611.100098,53
11/14/2024,2568.199951,2576.199951,2554.199951,2555.100098,27
11/15/2024,2565.699951,2565.699951,2565.699951,2565.699951,20
11/18/2024,2610.600098,2610.699951,2589.399902,2591.699951,136
11/19/2024,2627.100098,2627.699951,2619.300049,2621.899902,87
11/20/2024,2648.199951,2648.199951,2638.5,2638.5,27
11/21/2024,2672.100098,2672.100098,2655.699951,2659.300049,33
11/22/2024,2709.899902,2710.5,2685.600098,2687.5,41
11/25/2024,2616.800049,2689.399902,2616.800049,2689.399902,94
11/26/2024,2620.300049,2625.600098,2620.300049,2625.600098,177858
11/27/2024,2639.899902,2657.899902,2627.199951,2633.5,61653
11/29/2024,2657,2664.300049,2620.699951,2636.399902,3861
12/2/2024,2634.899902,2649.800049,2621.699951,2649,695
12/3/2024,2644.699951,2654.699951,2636,2639,1062
12/4/2024,2653.800049,2658.300049,2637,2639.199951,249
12/5/2024,2626.600098,2655,2625.699951,2652.399902,573
12/6/2024,2638.600098,2643.100098,2617.5,2620.199951,571
12/9/2024,2664.899902,2677.100098,2630.800049,2632.100098,935
12/10/2024,2697.600098,2698.199951,2661,2662.300049,437
12/11/2024,2733.800049,2733.800049,2693.100098,2701.800049,3387
12/12/2024,2687.5,2725.100098,2677.399902,2725.100098,2365
12/13/2024,2656,2689.300049,2647.899902,2688.199951,1125
12/16/2024,2651.399902,2663.300049,2651,2658.300049,877
12/17/2024,2644.399902,2652.300049,2632.5,2651.800049,705
12/18/2024,2636.5,2647.100098,2590.199951,2644.300049,566
12/19/2024,2592.199951,2610.300049,2582.100098,2582.100098,238
12/20/2024,2628.699951,2631.600098,2604.899902,2605.300049,592
12/23/2024,2612.300049,2627.699951,2611.100098,2620,451
12/24/2024,2620,2620,2609.5,2613,35
12/26/2024,2638.800049,2638.800049,2627.899902,2628.5,84
12/27/2024,2617.199951,2617.699951,2616.399902,2617.699951,642
12/30/2024,2606.100098,2626.899902,2597,2620.699951,794
12/31/2024,2629.199951,2629.199951,2604.899902,2608.399902,401
